id;firstname;lastname;email;email2;course;payment;date;timestamp
100;Rubie;Haerr;Rubie.Haerr@yopmail.com;Rubie.Haerr@gmail.com;Networking basics;4000;2020-07-03;1593734400000
101;Sharlene;Eno;Sharlene.Eno@yopmail.com;Sharlene.Eno@gmail.com;Devops;1000;2019-08-04;1564876800000
102;Britte;Connelly;Britte.Connelly@yopmail.com;Britte.Connelly@gmail.com;Python;3000;2019-08-10;1565395200000
103;Doralynne;Lymann;Doralynne.Lymann@yopmail.com;Doralynne.Lymann@gmail.com;Networking basics;2000;2019-12-14;1576281600000
104;Justinn;Michella;Justinn.Michella@yopmail.com;Justinn.Michella@gmail.com;Programming basics;2000;2020-11-09;1604880000000
105;Leia;Brandice;Leia.Brandice@yopmail.com;Leia.Brandice@gmail.com;Computer Basics;1500;2021-04-18;1618704000000
106;Michaelina;Roumell;Michaelina.Roumell@yopmail.com;Michaelina.Roumell@gmail.com;Networking basics;3000;2019-06-27;1561593600000
107;Aurelie;Bebe;Aurelie.Bebe@yopmail.com;Aurelie.Bebe@gmail.com;Backend WEB development;1000;2019-05-14;1557792000000
108;Carree;O'Carroll;Carree.O'Carroll@yopmail.com;Carree.O'Carroll@gmail.com;Java;1500;2019-09-06;1567728000000
109;Kirbee;Harned;Kirbee.Harned@yopmail.com;Kirbee.Harned@gmail.com;Java;2000;2020-11-20;1605830400000
110;Charlena;Mott;Charlena.Mott@yopmail.com;Charlena.Mott@gmail.com;QA;3500;2021-03-22;1616371200000
111;Maud;Sophronia;Maud.Sophronia@yopmail.com;Maud.Sophronia@gmail.com;WEB basics;3000;2020-05-18;1589760000000
112;Shaylyn;Lynn;Shaylyn.Lynn@yopmail.com;Shaylyn.Lynn@gmail.com;Frontend WEB development;3500;2020-12-13;1607817600000
113;Binny;Thomasina;Binny.Thomasina@yopmail.com;Binny.Thomasina@gmail.com;Python;4000;2019-08-01;1564617600000
114;Teriann;Monk;Teriann.Monk@yopmail.com;Teriann.Monk@gmail.com;Java;3500;2019-07-18;1563408000000
115;Alameda;Boehike;Alameda.Boehike@yopmail.com;Alameda.Boehike@gmail.com;Devops;2000;2020-08-12;1597190400000
116;Gerianna;Garrison;Gerianna.Garrison@yopmail.com;Gerianna.Garrison@gmail.com;Cloud computing;1500;2020-09-23;1600819200000
117;Tomasina;Pandolfi;Tomasina.Pandolfi@yopmail.com;Tomasina.Pandolfi@gmail.com;C#;2500;2019-11-01;1572566400000
118;Nananne;Fontana;Nananne.Fontana@yopmail.com;Nananne.Fontana@gmail.com;Devops;1500;2020-12-25;1608854400000
119;Emmey;Genna;Emmey.Genna@yopmail.com;Emmey.Genna@gmail.com;QA;1500;2019-07-07;1562457600000
120;Monika;Bobbee;Monika.Bobbee@yopmail.com;Monika.Bobbee@gmail.com;Programming basics;2000;2020-10-13;1602547200000
121;Fred;Celestine;Fred.Celestine@yopmail.com;Fred.Celestine@gmail.com;Networking basics;2000;2020-06-21;1592697600000
122;Eugine;Talia;Eugine.Talia@yopmail.com;Eugine.Talia@gmail.com;Backend WEB development;1500;2019-10-09;1570579200000
123;Phedra;Ortrude;Phedra.Ortrude@yopmail.com;Phedra.Ortrude@gmail.com;C#;2500;2020-06-11;1591833600000
124;Kristina;Buttaro;Kristina.Buttaro@yopmail.com;Kristina.Buttaro@gmail.com;Python;3000;2020-06-08;1591574400000
125;Yetty;Auberbach;Yetty.Auberbach@yopmail.com;Yetty.Auberbach@gmail.com;C#;4000;2020-08-17;1597622400000
126;Deloria;Cookie;Deloria.Cookie@yopmail.com;Deloria.Cookie@gmail.com;WEB basics;4000;2020-02-11;1581379200000
127;Cathie;Ailyn;Cathie.Ailyn@yopmail.com;Cathie.Ailyn@gmail.com;C#;3000;2019-07-31;1564531200000
128;Max;Carri;Max.Carri@yopmail.com;Max.Carri@gmail.com;Python;3000;2020-01-21;1579564800000
129;Oona;Rosette;Oona.Rosette@yopmail.com;Oona.Rosette@gmail.com;Python;3000;2019-07-10;1562716800000
130;Ellette;Wildermuth;Ellette.Wildermuth@yopmail.com;Ellette.Wildermuth@gmail.com;Cloud computing;4000;2020-12-25;1608854400000
131;Vanessa;Mandler;Vanessa.Mandler@yopmail.com;Vanessa.Mandler@gmail.com;Devops;1000;2020-09-01;1598918400000
132;Binny;Lipson;Binny.Lipson@yopmail.com;Binny.Lipson@gmail.com;Computer Basics;3000;2019-11-08;1573171200000
133;Caryl;Dichy;Caryl.Dichy@yopmail.com;Caryl.Dichy@gmail.com;QA;3500;2019-07-30;1564444800000
134;Calla;Nicoline;Calla.Nicoline@yopmail.com;Calla.Nicoline@gmail.com;Devops;3000;2021-04-20;1618876800000
135;Mariele;Buttaro;Mariele.Buttaro@yopmail.com;Mariele.Buttaro@gmail.com;C#;1500;2020-09-02;1599004800000
136;Roberta;Grosz;Roberta.Grosz@yopmail.com;Roberta.Grosz@gmail.com;Networking basics;2000;2019-06-23;1561248000000
137;Maud;Bandeen;Maud.Bandeen@yopmail.com;Maud.Bandeen@gmail.com;Cloud computing;2500;2020-12-04;1607040000000
138;Latisha;Deny;Latisha.Deny@yopmail.com;Latisha.Deny@gmail.com;Cloud computing;2500;2020-12-12;1607731200000
139;Lisette;Hanleigh;Lisette.Hanleigh@yopmail.com;Lisette.Hanleigh@gmail.com;Frontend WEB development;2500;2020-04-27;1587945600000
140;Marinna;Zamora;Marinna.Zamora@yopmail.com;Marinna.Zamora@gmail.com;Frontend WEB development;1000;2019-07-28;1564272000000
141;Nonnah;Duwalt;Nonnah.Duwalt@yopmail.com;Nonnah.Duwalt@gmail.com;QA;2500;2020-12-29;1609200000000
142;Mallory;Iphlgenia;Mallory.Iphlgenia@yopmail.com;Mallory.Iphlgenia@gmail.com;Computer Basics;2000;2020-02-26;1582675200000
143;Tilly;Bow;Tilly.Bow@yopmail.com;Tilly.Bow@gmail.com;Backend WEB development;3000;2021-02-03;1612310400000
144;Cindelyn;Bobbee;Cindelyn.Bobbee@yopmail.com;Cindelyn.Bobbee@gmail.com;WEB basics;3500;2019-08-11;1565481600000
145;Ira;Sprage;Ira.Sprage@yopmail.com;Ira.Sprage@gmail.com;WEB basics;3000;2020-11-15;1605398400000
146;Imojean;Riva;Imojean.Riva@yopmail.com;Imojean.Riva@gmail.com;Computer graphics;1000;2019-11-29;1574985600000
147;Annecorinne;Norrie;Annecorinne.Norrie@yopmail.com;Annecorinne.Norrie@gmail.com;Computer Basics;3500;2019-11-14;1573689600000
148;Grier;Alcott;Grier.Alcott@yopmail.com;Grier.Alcott@gmail.com;Computer graphics;1500;2020-05-16;1589587200000
149;Kathi;Fancie;Kathi.Fancie@yopmail.com;Kathi.Fancie@gmail.com;Backend WEB development;4000;2021-03-05;1614902400000
150;Correy;Rona;Correy.Rona@yopmail.com;Correy.Rona@gmail.com;Computer Basics;3500;2020-09-13;1599955200000
151;Shirlee;Vorster;Shirlee.Vorster@yopmail.com;Shirlee.Vorster@gmail.com;Cloud computing;2500;2020-01-26;1579996800000
152;Teddie;Allys;Teddie.Allys@yopmail.com;Teddie.Allys@gmail.com;WEB basics;3500;2020-05-31;1590883200000
153;Emmey;Zeeba;Emmey.Zeeba@yopmail.com;Emmey.Zeeba@gmail.com;C#;1500;2019-08-25;1566691200000
154;Minne;Girardo;Minne.Girardo@yopmail.com;Minne.Girardo@gmail.com;Networking basics;1000;2021-03-02;1614643200000
155;Georgetta;Thomasina;Georgetta.Thomasina@yopmail.com;Georgetta.Thomasina@gmail.com;Computer Basics;2500;2020-03-20;1584662400000
156;Cam;Maroney;Cam.Maroney@yopmail.com;Cam.Maroney@gmail.com;QA;2500;2021-02-06;1612569600000
157;Deirdre;Callista;Deirdre.Callista@yopmail.com;Deirdre.Callista@gmail.com;Programming basics;1000;2020-12-06;1607212800000
158;Trixi;Sperling;Trixi.Sperling@yopmail.com;Trixi.Sperling@gmail.com;Frontend WEB development;1500;2020-11-04;1604448000000
159;Mamie;Mike;Mamie.Mike@yopmail.com;Mamie.Mike@gmail.com;Networking basics;1000;2020-02-24;1582502400000
160;Estell;Diann;Estell.Diann@yopmail.com;Estell.Diann@gmail.com;WEB basics;4000;2019-07-28;1564272000000
161;Chickie;Alexandr;Chickie.Alexandr@yopmail.com;Chickie.Alexandr@gmail.com;Backend WEB development;4000;2019-10-11;1570752000000
162;Joceline;Parette;Joceline.Parette@yopmail.com;Joceline.Parette@gmail.com;Backend WEB development;3500;2019-08-11;1565481600000
163;Dale;Bebe;Dale.Bebe@yopmail.com;Dale.Bebe@gmail.com;Programming basics;1000;2019-05-10;1557446400000
164;Roseline;Yoko;Roseline.Yoko@yopmail.com;Roseline.Yoko@gmail.com;Python;3000;2020-11-02;1604275200000
165;Nollie;Wesle;Nollie.Wesle@yopmail.com;Nollie.Wesle@gmail.com;Cloud computing;1000;2020-04-09;1586390400000
166;Candi;Karna;Candi.Karna@yopmail.com;Candi.Karna@gmail.com;WEB basics;2000;2020-03-28;1585353600000
167;Dione;Francyne;Dione.Francyne@yopmail.com;Dione.Francyne@gmail.com;Networking basics;2000;2021-01-02;1609545600000
168;Tamqrah;Talia;Tamqrah.Talia@yopmail.com;Tamqrah.Talia@gmail.com;Networking basics;3000;2019-10-25;1571961600000
169;Lynnea;Paton;Lynnea.Paton@yopmail.com;Lynnea.Paton@gmail.com;Java;3000;2019-05-25;1558742400000
170;Chastity;Harned;Chastity.Harned@yopmail.com;Chastity.Harned@gmail.com;Cloud computing;3000;2020-07-07;1594080000000
171;Rivalee;Carolin;Rivalee.Carolin@yopmail.com;Rivalee.Carolin@gmail.com;Backend WEB development;1000;2021-04-01;1617235200000
172;Juliane;Bivins;Juliane.Bivins@yopmail.com;Juliane.Bivins@gmail.com;Frontend WEB development;3500;2020-08-17;1597622400000
173;Dorothy;Dreda;Dorothy.Dreda@yopmail.com;Dorothy.Dreda@gmail.com;Python;3500;2021-03-25;1616630400000
174;Vere;Cecile;Vere.Cecile@yopmail.com;Vere.Cecile@gmail.com;Cloud computing;3000;2019-12-04;1575417600000
175;Dania;Publia;Dania.Publia@yopmail.com;Dania.Publia@gmail.com;C#;2000;2019-12-02;1575244800000
176;Robinia;Ophelia;Robinia.Ophelia@yopmail.com;Robinia.Ophelia@gmail.com;Networking basics;2000;2019-12-23;1577059200000
177;Leontine;LaRue;Leontine.LaRue@yopmail.com;Leontine.LaRue@gmail.com;Computer graphics;1000;2019-11-08;1573171200000
178;Rhoda;Burkle;Rhoda.Burkle@yopmail.com;Rhoda.Burkle@gmail.com;QA;4000;2021-04-24;1619222400000
179;Gloria;Juliet;Gloria.Juliet@yopmail.com;Gloria.Juliet@gmail.com;Devops;2500;2019-09-10;1568073600000
180;Farrah;Si;Farrah.Si@yopmail.com;Farrah.Si@gmail.com;Devops;1000;2020-01-05;1578182400000
181;Sidoney;Gaal;Sidoney.Gaal@yopmail.com;Sidoney.Gaal@gmail.com;Computer Basics;1500;2019-08-08;1565222400000
182;Ayn;Nahum;Ayn.Nahum@yopmail.com;Ayn.Nahum@gmail.com;Python;1500;2020-07-27;1595808000000
183;Christy;Nickola;Christy.Nickola@yopmail.com;Christy.Nickola@gmail.com;Cloud computing;1000;2019-12-11;1576022400000
184;Eve;Lanita;Eve.Lanita@yopmail.com;Eve.Lanita@gmail.com;QA;3500;2019-08-19;1566172800000
185;Neila;Alexandr;Neila.Alexandr@yopmail.com;Neila.Alexandr@gmail.com;Java;2000;2019-09-21;1569024000000
186;Elie;Dimitris;Elie.Dimitris@yopmail.com;Elie.Dimitris@gmail.com;Cloud computing;4000;2021-02-01;1612137600000
187;Consuela;Cutlerr;Consuela.Cutlerr@yopmail.com;Consuela.Cutlerr@gmail.com;Python;1000;2020-08-10;1597017600000
188;Misha;Saunderson;Misha.Saunderson@yopmail.com;Misha.Saunderson@gmail.com;QA;2500;2020-04-19;1587254400000
189;Merrie;Brackely;Merrie.Brackely@yopmail.com;Merrie.Brackely@gmail.com;Python;2000;2020-10-26;1603670400000
190;Cristabel;Erminia;Cristabel.Erminia@yopmail.com;Cristabel.Erminia@gmail.com;Java;3000;2020-06-10;1591747200000
191;Ermengarde;Alisia;Ermengarde.Alisia@yopmail.com;Ermengarde.Alisia@gmail.com;Programming basics;2000;2019-09-16;1568592000000
192;Beth;Frendel;Beth.Frendel@yopmail.com;Beth.Frendel@gmail.com;C#;1500;2021-03-16;1615852800000
193;Mary;Felizio;Mary.Felizio@yopmail.com;Mary.Felizio@gmail.com;QA;1500;2020-10-14;1602633600000
194;Beverley;Fredi;Beverley.Fredi@yopmail.com;Beverley.Fredi@gmail.com;Computer Basics;4000;2021-02-18;1613606400000
195;Candy;Borrell;Candy.Borrell@yopmail.com;Candy.Borrell@gmail.com;C#;3000;2021-03-11;1615420800000
196;Millie;Florina;Millie.Florina@yopmail.com;Millie.Florina@gmail.com;C#;1500;2020-06-10;1591747200000
197;Lynde;Aida;Lynde.Aida@yopmail.com;Lynde.Aida@gmail.com;Cloud computing;4000;2019-07-08;1562544000000
198;Gilligan;Fosque;Gilligan.Fosque@yopmail.com;Gilligan.Fosque@gmail.com;Computer graphics;2000;2021-01-25;1611532800000
199;Roz;Anastatius;Roz.Anastatius@yopmail.com;Roz.Anastatius@gmail.com;Java;1000;2020-06-24;1592956800000
200;Hannis;Cyrie;Hannis.Cyrie@yopmail.com;Hannis.Cyrie@gmail.com;C#;1000;2021-03-25;1616630400000
201;Selma;Cavan;Selma.Cavan@yopmail.com;Selma.Cavan@gmail.com;C#;3000;2020-12-29;1609200000000
202;Lanae;Schroth;Lanae.Schroth@yopmail.com;Lanae.Schroth@gmail.com;Cloud computing;1000;2019-12-09;1575849600000
203;Karina;Ball;Karina.Ball@yopmail.com;Karina.Ball@gmail.com;Frontend WEB development;2500;2019-10-08;1570492800000
204;Rayna;Orpah;Rayna.Orpah@yopmail.com;Rayna.Orpah@gmail.com;Java;1000;2020-06-29;1593388800000
205;Blinni;Longfellow;Blinni.Longfellow@yopmail.com;Blinni.Longfellow@gmail.com;Programming basics;2500;2019-05-05;1557014400000
206;Benita;Alabaster;Benita.Alabaster@yopmail.com;Benita.Alabaster@gmail.com;Python;3000;2020-10-24;1603497600000
207;Doro;Ader;Doro.Ader@yopmail.com;Doro.Ader@gmail.com;Computer graphics;2500;2019-08-10;1565395200000
208;Frances;Thomasina;Frances.Thomasina@yopmail.com;Frances.Thomasina@gmail.com;Python;1000;2020-11-01;1604188800000
209;Sashenka;Lasley;Sashenka.Lasley@yopmail.com;Sashenka.Lasley@gmail.com;Devops;1000;2020-01-02;1577923200000
210;Veda;Fleeta;Veda.Fleeta@yopmail.com;Veda.Fleeta@gmail.com;Devops;2000;2020-07-10;1594339200000
211;Bee;Erskine;Bee.Erskine@yopmail.com;Bee.Erskine@gmail.com;Frontend WEB development;1500;2021-04-26;1619395200000
212;Tracey;Shaddock;Tracey.Shaddock@yopmail.com;Tracey.Shaddock@gmail.com;Cloud computing;3000;2021-02-27;1614384000000
213;Liana;Ackerley;Liana.Ackerley@yopmail.com;Liana.Ackerley@gmail.com;Python;2000;2020-12-11;1607644800000
214;Brianna;Ashok;Brianna.Ashok@yopmail.com;Brianna.Ashok@gmail.com;Java;1500;2021-04-27;1619481600000
215;Larine;Kevon;Larine.Kevon@yopmail.com;Larine.Kevon@gmail.com;Programming basics;3500;2020-06-07;1591488000000
216;Oralee;McCutcheon;Oralee.McCutcheon@yopmail.com;Oralee.McCutcheon@gmail.com;WEB basics;1000;2021-01-23;1611360000000
217;Coral;Winthorpe;Coral.Winthorpe@yopmail.com;Coral.Winthorpe@gmail.com;Networking basics;2500;2019-07-16;1563235200000
218;Andree;Barney;Andree.Barney@yopmail.com;Andree.Barney@gmail.com;Backend WEB development;4000;2021-03-06;1614988800000
219;Theodora;Idelia;Theodora.Idelia@yopmail.com;Theodora.Idelia@gmail.com;Python;3000;2019-08-17;1566000000000
220;Elena;Burch;Elena.Burch@yopmail.com;Elena.Burch@gmail.com;WEB basics;2500;2020-06-25;1593043200000
221;Carolina;Toffic;Carolina.Toffic@yopmail.com;Carolina.Toffic@gmail.com;Backend WEB development;3500;2021-04-13;1618272000000
222;Gloria;Imelida;Gloria.Imelida@yopmail.com;Gloria.Imelida@gmail.com;Java;2000;2020-04-30;1588204800000
223;Catharine;Candy;Catharine.Candy@yopmail.com;Catharine.Candy@gmail.com;WEB basics;4000;2021-01-26;1611619200000
224;Doralynne;Belldas;Doralynne.Belldas@yopmail.com;Doralynne.Belldas@gmail.com;Frontend WEB development;2500;2020-11-02;1604275200000
225;Andree;Damarra;Andree.Damarra@yopmail.com;Andree.Damarra@gmail.com;Java;3500;2019-08-14;1565740800000
226;Elfreda;Mallon;Elfreda.Mallon@yopmail.com;Elfreda.Mallon@gmail.com;C#;4000;2020-12-04;1607040000000
227;Nikki;Arvo;Nikki.Arvo@yopmail.com;Nikki.Arvo@gmail.com;Computer graphics;3000;2020-08-03;1596412800000
228;Zaria;Bethany;Zaria.Bethany@yopmail.com;Zaria.Bethany@gmail.com;Python;1500;2021-03-13;1615593600000
229;Asia;Shuler;Asia.Shuler@yopmail.com;Asia.Shuler@gmail.com;Python;3000;2019-11-17;1573948800000
230;Korrie;Center;Korrie.Center@yopmail.com;Korrie.Center@gmail.com;Programming basics;2500;2020-07-25;1595635200000
231;Desirae;Ilka;Desirae.Ilka@yopmail.com;Desirae.Ilka@gmail.com;Python;4000;2020-07-05;1593907200000
232;Gabriellia;Saunderson;Gabriellia.Saunderson@yopmail.com;Gabriellia.Saunderson@gmail.com;Backend WEB development;4000;2021-03-23;1616457600000
233;Carmencita;Raimondo;Carmencita.Raimondo@yopmail.com;Carmencita.Raimondo@gmail.com;Python;2000;2019-06-04;1559606400000
234;Wynne;Avi;Wynne.Avi@yopmail.com;Wynne.Avi@gmail.com;Computer Basics;1500;2020-11-26;1606348800000
235;Charlena;Hunfredo;Charlena.Hunfredo@yopmail.com;Charlena.Hunfredo@gmail.com;Python;2000;2020-07-08;1594166400000
236;Benita;Briney;Benita.Briney@yopmail.com;Benita.Briney@gmail.com;Backend WEB development;2000;2019-09-09;1567987200000
237;Chickie;Poll;Chickie.Poll@yopmail.com;Chickie.Poll@gmail.com;Devops;1500;2019-08-04;1564876800000
238;Dulce;Zamora;Dulce.Zamora@yopmail.com;Dulce.Zamora@gmail.com;Frontend WEB development;4000;2019-05-14;1557792000000
239;Jinny;Ludewig;Jinny.Ludewig@yopmail.com;Jinny.Ludewig@gmail.com;Networking basics;3500;2019-05-29;1559088000000
240;Janis;Hazlett;Janis.Hazlett@yopmail.com;Janis.Hazlett@gmail.com;Python;3000;2021-04-30;1619740800000
241;Jolyn;Dowski;Jolyn.Dowski@yopmail.com;Jolyn.Dowski@gmail.com;Programming basics;1000;2020-09-28;1601251200000
242;Halette;Orlene;Halette.Orlene@yopmail.com;Halette.Orlene@gmail.com;WEB basics;1000;2021-04-08;1617840000000
243;Mureil;Mendez;Mureil.Mendez@yopmail.com;Mureil.Mendez@gmail.com;QA;2000;2020-06-18;1592438400000
244;Nonnah;Penelopa;Nonnah.Penelopa@yopmail.com;Nonnah.Penelopa@gmail.com;WEB basics;4000;2019-11-22;1574380800000
245;Daune;Yerkovich;Daune.Yerkovich@yopmail.com;Daune.Yerkovich@gmail.com;Computer Basics;1000;2020-12-30;1609286400000
246;Ruthe;Santoro;Ruthe.Santoro@yopmail.com;Ruthe.Santoro@gmail.com;Programming basics;3000;2019-11-07;1573084800000
247;Dulce;Zuzana;Dulce.Zuzana@yopmail.com;Dulce.Zuzana@gmail.com;Cloud computing;3500;2019-05-14;1557792000000
248;Kristina;Malanie;Kristina.Malanie@yopmail.com;Kristina.Malanie@gmail.com;Backend WEB development;1500;2021-02-24;1614124800000
249;Kenna;Joeann;Kenna.Joeann@yopmail.com;Kenna.Joeann@gmail.com;Cloud computing;4000;2019-05-20;1558310400000
250;Sue;Lytton;Sue.Lytton@yopmail.com;Sue.Lytton@gmail.com;Backend WEB development;1000;2020-05-12;1589241600000
251;Brena;Quinn;Brena.Quinn@yopmail.com;Brena.Quinn@gmail.com;C#;2000;2020-10-09;1602201600000
252;Ofilia;Atonsah;Ofilia.Atonsah@yopmail.com;Ofilia.Atonsah@gmail.com;WEB basics;3500;2020-10-28;1603843200000
253;Judy;Zina;Judy.Zina@yopmail.com;Judy.Zina@gmail.com;Python;3500;2019-06-18;1560816000000
254;Raf;Aida;Raf.Aida@yopmail.com;Raf.Aida@gmail.com;Computer graphics;2500;2019-07-17;1563321600000
255;Phedra;Lowry;Phedra.Lowry@yopmail.com;Phedra.Lowry@gmail.com;Frontend WEB development;2500;2020-05-16;1589587200000
256;Melodie;Melan;Melodie.Melan@yopmail.com;Melodie.Melan@gmail.com;Computer graphics;2500;2020-06-07;1591488000000
257;Glenda;Clie;Glenda.Clie@yopmail.com;Glenda.Clie@gmail.com;Networking basics;3000;2020-02-18;1581984000000
258;Bibby;Corabella;Bibby.Corabella@yopmail.com;Bibby.Corabella@gmail.com;Backend WEB development;2500;2019-09-08;1567900800000
259;Ariela;Vins;Ariela.Vins@yopmail.com;Ariela.Vins@gmail.com;WEB basics;2500;2020-11-07;1604707200000
260;Gisela;Kenney;Gisela.Kenney@yopmail.com;Gisela.Kenney@gmail.com;Java;4000;2020-11-25;1606262400000
261;Maud;Judye;Maud.Judye@yopmail.com;Maud.Judye@gmail.com;Cloud computing;1000;2019-05-16;1557964800000
262;Zia;Johnsson;Zia.Johnsson@yopmail.com;Zia.Johnsson@gmail.com;Cloud computing;2000;2020-11-20;1605830400000
263;Hope;Dorine;Hope.Dorine@yopmail.com;Hope.Dorine@gmail.com;WEB basics;4000;2020-09-17;1600300800000
264;Carlie;Wandie;Carlie.Wandie@yopmail.com;Carlie.Wandie@gmail.com;QA;3500;2020-01-12;1578787200000
265;Ann-Marie;Garek;Ann-Marie.Garek@yopmail.com;Ann-Marie.Garek@gmail.com;Frontend WEB development;1500;2019-12-26;1577318400000
266;Betta;Madox;Betta.Madox@yopmail.com;Betta.Madox@gmail.com;Programming basics;1000;2021-02-23;1614038400000
267;Paola;Anton;Paola.Anton@yopmail.com;Paola.Anton@gmail.com;Cloud computing;3500;2020-12-26;1608940800000
268;Selma;Lalitta;Selma.Lalitta@yopmail.com;Selma.Lalitta@gmail.com;Python;4000;2021-01-25;1611532800000
269;Cristabel;Gwenore;Cristabel.Gwenore@yopmail.com;Cristabel.Gwenore@gmail.com;Java;4000;2020-09-28;1601251200000
270;Blake;Estella;Blake.Estella@yopmail.com;Blake.Estella@gmail.com;Java;1000;2019-10-06;1570320000000
271;Amalie;Dawkins;Amalie.Dawkins@yopmail.com;Amalie.Dawkins@gmail.com;WEB basics;3000;2020-08-11;1597104000000
272;Celestyna;Bahr;Celestyna.Bahr@yopmail.com;Celestyna.Bahr@gmail.com;Programming basics;2500;2020-04-10;1586476800000
273;Fanny;Camden;Fanny.Camden@yopmail.com;Fanny.Camden@gmail.com;C#;2500;2020-03-18;1584489600000
274;Maye;Ventre;Maye.Ventre@yopmail.com;Maye.Ventre@gmail.com;Cloud computing;3000;2019-10-17;1571270400000
275;Almeta;Ries;Almeta.Ries@yopmail.com;Almeta.Ries@gmail.com;C#;1000;2020-05-22;1590105600000
276;Chandra;Aldric;Chandra.Aldric@yopmail.com;Chandra.Aldric@gmail.com;Frontend WEB development;1500;2021-01-06;1609891200000
277;Elmira;Weinreb;Elmira.Weinreb@yopmail.com;Elmira.Weinreb@gmail.com;Python;4000;2020-05-07;1588809600000
278;Vita;Gwenore;Vita.Gwenore@yopmail.com;Vita.Gwenore@gmail.com;C#;3500;2020-01-11;1578700800000
279;Gui;Burch;Gui.Burch@yopmail.com;Gui.Burch@gmail.com;Python;2500;2020-09-11;1599782400000
280;Atlanta;Dichy;Atlanta.Dichy@yopmail.com;Atlanta.Dichy@gmail.com;Programming basics;2500;2020-09-25;1600992000000
281;Audrie;Clywd;Audrie.Clywd@yopmail.com;Audrie.Clywd@gmail.com;Backend WEB development;1500;2019-12-16;1576454400000
282;Cyndie;Fleeta;Cyndie.Fleeta@yopmail.com;Cyndie.Fleeta@gmail.com;Computer Basics;1000;2019-10-01;1569888000000
283;Fanchon;Parsaye;Fanchon.Parsaye@yopmail.com;Fanchon.Parsaye@gmail.com;Computer Basics;1000;2020-10-25;1603584000000
284;Celestyna;An;Celestyna.An@yopmail.com;Celestyna.An@gmail.com;Devops;2500;2019-06-25;1561420800000
285;Talya;Nester;Talya.Nester@yopmail.com;Talya.Nester@gmail.com;Frontend WEB development;2500;2019-12-15;1576368000000
286;Daryl;Lory;Daryl.Lory@yopmail.com;Daryl.Lory@gmail.com;WEB basics;1000;2020-10-13;1602547200000
287;Latisha;Delacourt;Latisha.Delacourt@yopmail.com;Latisha.Delacourt@gmail.com;WEB basics;3500;2020-06-09;1591660800000
288;Fernande;Bendick;Fernande.Bendick@yopmail.com;Fernande.Bendick@gmail.com;WEB basics;1000;2020-02-19;1582070400000
289;Marguerite;Naashom;Marguerite.Naashom@yopmail.com;Marguerite.Naashom@gmail.com;Java;1000;2019-09-26;1569456000000
290;Loree;Mitzi;Loree.Mitzi@yopmail.com;Loree.Mitzi@gmail.com;Cloud computing;3500;2019-08-04;1564876800000
291;Aimil;Prouty;Aimil.Prouty@yopmail.com;Aimil.Prouty@gmail.com;Computer Basics;1000;2019-06-09;1560038400000
292;Norine;Yerkovich;Norine.Yerkovich@yopmail.com;Norine.Yerkovich@gmail.com;Computer Basics;3000;2021-01-20;1611100800000
293;Pamella;Eachern;Pamella.Eachern@yopmail.com;Pamella.Eachern@gmail.com;Java;2000;2020-12-07;1607299200000
294;Mamie;Milde;Mamie.Milde@yopmail.com;Mamie.Milde@gmail.com;Java;1500;2021-03-04;1614816000000
295;Atlanta;Elsinore;Atlanta.Elsinore@yopmail.com;Atlanta.Elsinore@gmail.com;Python;2000;2020-08-24;1598227200000
296;Cyb;Dituri;Cyb.Dituri@yopmail.com;Cyb.Dituri@gmail.com;WEB basics;3500;2021-04-09;1617926400000
297;Renae;Ball;Renae.Ball@yopmail.com;Renae.Ball@gmail.com;Python;2500;2019-07-24;1563926400000
298;Perry;Rogerio;Perry.Rogerio@yopmail.com;Perry.Rogerio@gmail.com;Cloud computing;3500;2020-08-13;1597276800000
299;Allis;Lissi;Allis.Lissi@yopmail.com;Allis.Lissi@gmail.com;Cloud computing;1000;2019-05-18;1558137600000